<?xml version="1.0" encoding="UTF-8"?>
<beans xmlns="http://www.springframework.org/schema/beans"
	xmlns:xsi="http://www.w3.org/2001/XMLSchema-instance"
	xmlns:context="http://www.springframework.org/schema/context"
	xmlns:mvc="http://www.springframework.org/schema/mvc"
	xsi:schemaLocation="http://www.springframework.org/schema/beans http://www.springframework.org/schema/beans/spring-beans.xsd
		http://www.springframework.org/schema/context http://www.springframework.org/schema/context/spring-context-4.3.xsd
		http://www.springframework.org/schema/mvc http://www.springframework.org/schema/mvc/spring-mvc-4.3.xsd">
	<context:component-scan base-package="com.HealthWellnessTracker.models"></context:component-scan>
	<!-- define Java Controller package -->
	<context:component-scan base-package = "com.HealthWellnessTracker.controllers"></context:component-scan>
	<!-- mvc annotation driven -->
	<mvc:annotation-driven></mvc:annotation-driven>
	<!-- declare the view Resolver bean -->
	<bean id="viewResolver" class = "org.springframework.web.servlet.view.UrlBasedViewResolver">
	 <property name="viewClass" value = "org.springframework.web.servlet.view.JstlView"></property>
	 <property name="prefix" value="/WEB-INF/views/"></property>
	 <property name="suffix" value=".jsp"></property>
	</bean>
	
	
	

</beans>
